tipo,titulo,slug,conteudo,url
edital,Página Inicial,p-gina-inicial,Página Inicial,https://www.institutosuina.org/editais
edital,Atuação,atua-o,Atuação,https://www.institutosuina.org/editais
edital,Educação Ambiental,educa-o-ambiental,Educação Ambiental,https://www.institutosuina.org/editais
edital,Fortalecimento e Mobilização Social,fortalecimento-e-mobiliza-o-social,Fortalecimento e Mobilização Social,https://www.institutosuina.org/editais
edital,Conservação e Manejo de Biodiversidade,conserva-o-e-manejo-de-biodiversidade,Conservação e Manejo de Biodiversidade,https://www.institutosuina.org/editais
edital,Outras linhas de atuação,outras-linhas-de-atua-o,Outras linhas de atuação,https://www.institutosuina.org/editais
edital,Publicações,publica-es,Publicações,https://www.institutosuina.org/editais
edital,Notícias,not-cias,Notícias,https://www.institutosuina.org/editais
edital,Material Técnico,material-t-cnico,Material Técnico,https://www.institutosuina.org/editais
edital,Plano de Manejo,plano-de-manejo,Plano de Manejo,https://www.institutosuina.org/editais
edital,Editais,editais,Editais,https://www.institutosuina.org/editais
edital,Transparência,transpar-ncia,Transparência,https://www.institutosuina.org/editais
edital,Doação,doa-o,Doação,https://www.institutosuina.org/editais
edital,EDITAIS,editais,EDITAIS,https://www.institutosuina.org/editais
edital,EDITAL DE CONTRATAÇÃO Nº 03/2025,edital-de-contrata-o-n-03-2025,EDITAL DE CONTRATAÇÃO Nº 03/2025,https://www.institutosuina.org/editais
edital,EDITAL DE CONTRATAÇÃO Nº 02/2025,edital-de-contrata-o-n-02-2025,EDITAL DE CONTRATAÇÃO Nº 02/2025,https://www.institutosuina.org/editais
edital,EDITAL DE CONTRATAÇÃO Nº 01/2025,edital-de-contrata-o-n-01-2025,EDITAL DE CONTRATAÇÃO Nº 01/2025,https://www.institutosuina.org/editais
edital,CANCELADO,cancelado,CANCELADO,https://www.institutosuina.org/editais
edital,EDITAL DE CONTRATAÇÃO Nº 07/2024,edital-de-contrata-o-n-07-2024,EDITAL DE CONTRATAÇÃO Nº 07/2024,https://www.institutosuina.org/editais
edital,EDITAL DE CONTRATAÇÃO Nº 06/2024,edital-de-contrata-o-n-06-2024,EDITAL DE CONTRATAÇÃO Nº 06/2024,https://www.institutosuina.org/editais
edital,EDITAL DE CONTRATAÇÃO Nº 05/2024,edital-de-contrata-o-n-05-2024,EDITAL DE CONTRATAÇÃO Nº 05/2024,https://www.institutosuina.org/editais
edital,CANCELADO,cancelado,CANCELADO,https://www.institutosuina.org/editais
edital,EDITAL DE CONTRATAÇÃO Nº 04/2024,edital-de-contrata-o-n-04-2024,EDITAL DE CONTRATAÇÃO Nº 04/2024,https://www.institutosuina.org/editais
edital,CANCELADO,cancelado,CANCELADO,https://www.institutosuina.org/editais
edital,EDITAL DE CONTRATAÇÃO Nº 03/2024,edital-de-contrata-o-n-03-2024,EDITAL DE CONTRATAÇÃO Nº 03/2024,https://www.institutosuina.org/editais
edital,CANCELADO,cancelado,CANCELADO,https://www.institutosuina.org/editais
edital,EDITAL DE CONTRATAÇÃO Nº 02/2024,edital-de-contrata-o-n-02-2024,EDITAL DE CONTRATAÇÃO Nº 02/2024,https://www.institutosuina.org/editais
edital,CANCELADO,cancelado,CANCELADO,https://www.institutosuina.org/editais
edital,EDITAL DE CONTRATAÇÃO Nº 01/2024,edital-de-contrata-o-n-01-2024,EDITAL DE CONTRATAÇÃO Nº 01/2024,https://www.institutosuina.org/editais
edital,EDITAL DE CONTRATAÇÃO Nº 01/2023,edital-de-contrata-o-n-01-2023,EDITAL DE CONTRATAÇÃO Nº 01/2023,https://www.institutosuina.org/editais
edital,TOMADA DE PREÇOS Nº 02/2022,tomada-de-pre-os-n-02-2022,TOMADA DE PREÇOS Nº 02/2022,https://www.institutosuina.org/editais
edital,CANCELADO,cancelado,CANCELADO,https://www.institutosuina.org/editais
edital,TOMADA DE PREÇOS Nº 01/2022,tomada-de-pre-os-n-01-2022,TOMADA DE PREÇOS Nº 01/2022,https://www.institutosuina.org/editais
edital,[email protected],email-protected,[email protected],https://www.institutosuina.org/editais
